run,tag,origins,asset,model,metric,value
2026-07-24 09:07:41+00:00,btc_only_vs_panel,289,BTC,panel,pinball,759.5574752623437
2026-07-24 09:07:41+00:00,btc_only_vs_panel,289,BTC,btc_only,pinball,795.1357428125679
2026-07-24 09:07:41+00:00,btc_only_vs_panel,289,BTC,panel,coverage,78.94216510133465
2026-07-24 09:07:41+00:00,btc_only_vs_panel,289,BTC,btc_only,coverage,75.53138902619871
2026-07-24 09:07:41+00:00,btc_only_vs_panel,289,BTC,panel,width,14.685062971333943
2026-07-24 09:07:41+00:00,btc_only_vs_panel,289,BTC,btc_only,width,14.02491892833183
2026-07-24 09:07:41+00:00,btc_only_vs_panel,289,BTC,panel,med_MAPE,4.294997760596618
2026-07-24 09:07:41+00:00,btc_only_vs_panel,289,BTC,btc_only,med_MAPE,4.391994203840469
2026-07-24 09:13:10+00:00,baselines,8408,31,flat,MAE,99.76171268316077
2026-07-24 09:13:10+00:00,baselines,8408,31,drift,MAE,107.45018337288897
2026-07-24 09:13:10+00:00,baselines,8408,31,seasonal,MAE,131.29252276176277
2026-07-24 09:13:10+00:00,baselines,8408,31,flat,MAPE,6.972947918323702
2026-07-24 09:13:10+00:00,baselines,8408,31,drift,MAPE,7.608897750666074
2026-07-24 09:13:10+00:00,baselines,8408,31,seasonal,MAPE,9.587087629054043
2026-07-24 09:13:10+00:00,baselines,8408,31,flat,MASE,2.541921494241406
2026-07-24 09:13:10+00:00,baselines,8408,31,drift,MASE,2.7337709938854906
2026-07-24 09:13:10+00:00,baselines,8408,31,seasonal,MASE,3.486247134855779
2026-07-24 09:13:10+00:00,baselines,8408,31,flat,DirAcc,0.09514747859181732
2026-07-24 09:13:10+00:00,baselines,8408,31,drift,DirAcc,51.76022835394862
2026-07-24 09:13:10+00:00,baselines,8408,31,seasonal,DirAcc,0.09514747859181732
2026-07-24 09:19:42+00:00,baselines,8408,31,flat,MAE,99.76171268316077
2026-07-24 09:19:42+00:00,baselines,8408,31,drift,MAE,107.45018337288897
2026-07-24 09:19:42+00:00,baselines,8408,31,seasonal,MAE,131.29252276176277
2026-07-24 09:19:42+00:00,baselines,8408,31,flat,MAPE,6.972947918323702
2026-07-24 09:19:42+00:00,baselines,8408,31,drift,MAPE,7.608897750666074
2026-07-24 09:19:42+00:00,baselines,8408,31,seasonal,MAPE,9.587087629054043
2026-07-24 09:19:42+00:00,baselines,8408,31,flat,MASE,2.541921494241406
2026-07-24 09:19:42+00:00,baselines,8408,31,drift,MASE,2.7337709938854906
2026-07-24 09:19:42+00:00,baselines,8408,31,seasonal,MASE,3.486247134855779
2026-07-24 09:19:42+00:00,baselines,8408,31,flat,DirAcc,0.09514747859181732
2026-07-24 09:19:42+00:00,baselines,8408,31,drift,DirAcc,51.76022835394862
2026-07-24 09:19:42+00:00,baselines,8408,31,seasonal,DirAcc,0.09514747859181732
2026-07-24 09:20:03+00:00,point_lgbm,1734,20,flat,MAE,106.59916357972519
2026-07-24 09:20:03+00:00,point_lgbm,1734,20,drift,MAE,115.05349997534977
2026-07-24 09:20:03+00:00,point_lgbm,1734,20,lgbm,MAE,112.84765037983594
2026-07-24 09:20:03+00:00,point_lgbm,1734,20,seasonal,MAE,140.40156074234383
2026-07-24 09:20:03+00:00,point_lgbm,1734,20,flat,MAPE,6.9061912034267845
2026-07-24 09:20:03+00:00,point_lgbm,1734,20,drift,MAPE,7.499902021792244
2026-07-24 09:20:03+00:00,point_lgbm,1734,20,lgbm,MAPE,7.293013741714977
2026-07-24 09:20:03+00:00,point_lgbm,1734,20,seasonal,MAPE,9.484787398354358
2026-07-24 09:20:03+00:00,point_lgbm,1734,20,flat,MASE,2.6851013741229464
2026-07-24 09:20:03+00:00,point_lgbm,1734,20,drift,MASE,2.8823168881298593
2026-07-24 09:20:03+00:00,point_lgbm,1734,20,lgbm,MASE,2.8837587736845984
2026-07-24 09:20:03+00:00,point_lgbm,1734,20,seasonal,MASE,3.6836097714016454
2026-07-24 09:20:03+00:00,point_lgbm,1734,20,flat,DirAcc,0.10162601626016261
2026-07-24 09:20:03+00:00,point_lgbm,1734,20,drift,DirAcc,52.0760743321719
2026-07-24 09:20:03+00:00,point_lgbm,1734,20,lgbm,DirAcc,50.78397212543554
2026-07-24 09:20:03+00:00,point_lgbm,1734,20,seasonal,DirAcc,0.10162601626016261
2026-07-24 09:20:22+00:00,vol_ml,6081,24,vol_ml,pinball,40.19527144892458
2026-07-24 09:20:22+00:00,vol_ml,6081,24,vol_21d,pinball,40.463322438290206
2026-07-24 09:20:22+00:00,vol_ml,6081,24,vol_ml,coverage,78.01583386191182
2026-07-24 09:20:22+00:00,vol_ml,6081,24,vol_21d,coverage,79.30556534404586
2026-07-24 09:20:22+00:00,vol_ml,6081,24,vol_ml,width,22.389164106179045
2026-07-24 09:20:22+00:00,vol_ml,6081,24,vol_21d,width,24.667083839875502
2026-07-24 09:20:22+00:00,vol_ml,6081,24,vol_ml,med_MAPE,7.0175377804079755
2026-07-24 09:20:22+00:00,vol_ml,6081,24,vol_21d,med_MAPE,7.031713444602265
2026-07-24 09:20:36+00:00,calibrated_rw,6901,rw_vol,pinball,35.17397696980425
2026-07-24 09:20:36+00:00,calibrated_rw,6901,rw_cal,pinball,35.36010807454675
2026-07-24 09:20:36+00:00,calibrated_rw,6901,rw_vol,coverage,79.90974392945121
2026-07-24 09:20:36+00:00,calibrated_rw,6901,rw_cal,coverage,79.57852899165752
2026-07-24 09:20:36+00:00,calibrated_rw,6901,rw_vol,width,23.19811128807348
2026-07-24 09:20:36+00:00,calibrated_rw,6901,rw_cal,width,23.530876842882474
2026-07-24 09:20:36+00:00,calibrated_rw,6901,rw_vol,med_MAPE,6.907641536534824
2026-07-24 09:20:36+00:00,calibrated_rw,6901,rw_cal,med_MAPE,6.919799010283226
2026-07-24 09:21:00+00:00,panel_vs_btc,289,BTC,panel,pinball,766.306156029923
2026-07-24 09:21:00+00:00,panel_vs_btc,289,BTC,btc_only,pinball,861.0853146429521
2026-07-24 09:21:00+00:00,panel_vs_btc,289,BTC,panel,coverage,79.93079584775087
2026-07-24 09:21:00+00:00,panel_vs_btc,289,BTC,btc_only,coverage,74.74048442906575
2026-07-24 09:21:00+00:00,panel_vs_btc,289,BTC,panel,width,15.34274528017932
2026-07-24 09:21:00+00:00,panel_vs_btc,289,BTC,btc_only,width,14.636521999896374
2026-07-24 09:21:00+00:00,panel_vs_btc,289,BTC,panel,med_MAPE,4.2761905823082325
2026-07-24 09:21:00+00:00,panel_vs_btc,289,BTC,btc_only,med_MAPE,4.859736454118793
2026-07-24 09:21:52+00:00,quantile_lgbm,6081,24,rw_vol,pinball,39.58954799997728
2026-07-24 09:21:52+00:00,quantile_lgbm,6081,24,lgbm_q,pinball,43.26399495679808
2026-07-24 09:21:52+00:00,quantile_lgbm,6081,24,rw_vol,coverage,80.01503512110321
2026-07-24 09:21:52+00:00,quantile_lgbm,6081,24,lgbm_q,coverage,64.81546738083492
2026-07-24 09:21:52+00:00,quantile_lgbm,6081,24,rw_vol,width,23.46081344178472
2026-07-24 09:21:52+00:00,quantile_lgbm,6081,24,lgbm_q,width,15.88335604517655
2026-07-24 09:21:52+00:00,quantile_lgbm,6081,24,rw_vol,med_MAPE,7.0076394025246165
2026-07-24 09:21:52+00:00,quantile_lgbm,6081,24,lgbm_q,med_MAPE,7.368720853811866
2026-07-24 09:57:34+00:00,model_zoo,1393,5,garch,pinball,177.48637649911325
2026-07-24 09:57:34+00:00,model_zoo,1393,5,har_rv,pinball,179.7723795961741
2026-07-24 09:57:34+00:00,model_zoo,1393,5,vol_21d,pinball,187.09705126084847
2026-07-24 09:57:34+00:00,model_zoo,1393,5,lightgbm,pinball,190.6698294678071
2026-07-24 09:57:34+00:00,model_zoo,1393,5,ridge,pinball,3.8471192945077196e+122
2026-07-24 09:57:34+00:00,model_zoo,1393,5,garch,coverage,79.01753666290638
2026-07-24 09:57:34+00:00,model_zoo,1393,5,har_rv,coverage,78.75089734386216
2026-07-24 09:57:34+00:00,model_zoo,1393,5,vol_21d,coverage,78.1560865552251
2026-07-24 09:57:34+00:00,model_zoo,1393,5,lightgbm,coverage,78.12532047995077
2026-07-24 09:57:34+00:00,model_zoo,1393,5,ridge,coverage,79.65336888524254
2026-07-24 09:57:34+00:00,model_zoo,1393,5,garch,width,17.994076141290314
2026-07-24 09:57:34+00:00,model_zoo,1393,5,har_rv,width,18.488581496453406
2026-07-24 09:57:34+00:00,model_zoo,1393,5,vol_21d,width,21.791190362007182
2026-07-24 09:57:34+00:00,model_zoo,1393,5,lightgbm,width,19.207118957704374
2026-07-24 09:57:34+00:00,model_zoo,1393,5,ridge,width,5.205445628221182e+123
2026-07-24 09:57:34+00:00,model_zoo,1393,5,garch,med_MAPE,5.5446940608202935
2026-07-24 09:57:34+00:00,model_zoo,1393,5,har_rv,med_MAPE,5.579803112138148
2026-07-24 09:57:34+00:00,model_zoo,1393,5,vol_21d,med_MAPE,5.6560147565854795
2026-07-24 09:57:34+00:00,model_zoo,1393,5,lightgbm,med_MAPE,5.6205721967123035
2026-07-24 09:57:34+00:00,model_zoo,1393,5,ridge,med_MAPE,577092477.9751627
2026-07-24 09:59:42+00:00,model_zoo,1393,5,garch,pinball,177.48637649911325
2026-07-24 09:59:42+00:00,model_zoo,1393,5,har_rv,pinball,179.7723795961741
2026-07-24 09:59:42+00:00,model_zoo,1393,5,vol_21d,pinball,187.09705126084847
2026-07-24 09:59:42+00:00,model_zoo,1393,5,lightgbm,pinball,190.6698294678071
2026-07-24 09:59:42+00:00,model_zoo,1393,5,ridge,pinball,457852406.08316785
2026-07-24 09:59:42+00:00,model_zoo,1393,5,garch,coverage,79.01753666290638
2026-07-24 09:59:42+00:00,model_zoo,1393,5,har_rv,coverage,78.75089734386216
2026-07-24 09:59:42+00:00,model_zoo,1393,5,vol_21d,coverage,78.1560865552251
2026-07-24 09:59:42+00:00,model_zoo,1393,5,lightgbm,coverage,78.12532047995077
2026-07-24 09:59:42+00:00,model_zoo,1393,5,ridge,coverage,79.65336888524254
2026-07-24 09:59:42+00:00,model_zoo,1393,5,garch,width,17.994076141290314
2026-07-24 09:59:42+00:00,model_zoo,1393,5,har_rv,width,18.488581496453406
2026-07-24 09:59:42+00:00,model_zoo,1393,5,vol_21d,width,21.791190362007182
2026-07-24 09:59:42+00:00,model_zoo,1393,5,lightgbm,width,19.207118957704374
2026-07-24 09:59:42+00:00,model_zoo,1393,5,ridge,width,3968678829264.5347
2026-07-24 09:59:42+00:00,model_zoo,1393,5,garch,med_MAPE,5.5446940608202935
2026-07-24 09:59:42+00:00,model_zoo,1393,5,har_rv,med_MAPE,5.579803112138148
2026-07-24 09:59:42+00:00,model_zoo,1393,5,vol_21d,med_MAPE,5.6560147565854795
2026-07-24 09:59:42+00:00,model_zoo,1393,5,lightgbm,med_MAPE,5.6205721967123035
2026-07-24 09:59:42+00:00,model_zoo,1393,5,ridge,med_MAPE,6.556294098248616
2026-07-24 10:00:47+00:00,model_zoo,1393,5,garch,pinball,177.48637649911325
2026-07-24 10:00:47+00:00,model_zoo,1393,5,har_rv,pinball,179.7723795961741
2026-07-24 10:00:47+00:00,model_zoo,1393,5,ridge,pinball,185.82330504949087
2026-07-24 10:00:47+00:00,model_zoo,1393,5,vol_21d,pinball,187.09705126084847
2026-07-24 10:00:47+00:00,model_zoo,1393,5,lightgbm,pinball,190.6698294678071
2026-07-24 10:00:47+00:00,model_zoo,1393,5,garch,coverage,79.01753666290638
2026-07-24 10:00:47+00:00,model_zoo,1393,5,har_rv,coverage,78.75089734386216
2026-07-24 10:00:47+00:00,model_zoo,1393,5,ridge,coverage,79.47902779202133
2026-07-24 10:00:47+00:00,model_zoo,1393,5,vol_21d,coverage,78.1560865552251
2026-07-24 10:00:47+00:00,model_zoo,1393,5,lightgbm,coverage,78.12532047995077
2026-07-24 10:00:47+00:00,model_zoo,1393,5,garch,width,17.994076141290314
2026-07-24 10:00:47+00:00,model_zoo,1393,5,har_rv,width,18.488581496453406
2026-07-24 10:00:47+00:00,model_zoo,1393,5,ridge,width,1808.5187924884845
2026-07-24 10:00:47+00:00,model_zoo,1393,5,vol_21d,width,21.791190362007182
2026-07-24 10:00:47+00:00,model_zoo,1393,5,lightgbm,width,19.207118957704374
2026-07-24 10:00:47+00:00,model_zoo,1393,5,garch,med_MAPE,5.5446940608202935
2026-07-24 10:00:47+00:00,model_zoo,1393,5,har_rv,med_MAPE,5.579803112138148
2026-07-24 10:00:47+00:00,model_zoo,1393,5,ridge,med_MAPE,5.961849605048266
2026-07-24 10:00:47+00:00,model_zoo,1393,5,vol_21d,med_MAPE,5.6560147565854795
2026-07-24 10:00:47+00:00,model_zoo,1393,5,lightgbm,med_MAPE,5.6205721967123035
2026-07-24 10:00:47+00:00,model_zoo,1393,5,garch,pinball_%,1.4401144610889538
2026-07-24 10:00:47+00:00,model_zoo,1393,5,har_rv,pinball_%,1.4586629614477287
2026-07-24 10:00:47+00:00,model_zoo,1393,5,ridge,pinball_%,1.5077598297267216
2026-07-24 10:00:47+00:00,model_zoo,1393,5,vol_21d,pinball_%,1.5180949347354293
2026-07-24 10:00:47+00:00,model_zoo,1393,5,lightgbm,pinball_%,1.5470842558517477
2026-07-27 08:22:27+00:00,tree,1445,24,tree_lgbm,pinball,167.91553611528096
2026-07-27 08:22:27+00:00,tree,1445,24,vol_21d,pinball,167.99317768299755
2026-07-27 08:22:27+00:00,tree,1445,24,tree_lgbm,coverage,78.68512110726643
2026-07-27 08:22:27+00:00,tree,1445,24,vol_21d,coverage,79.3178447849728
2026-07-27 08:22:27+00:00,tree,1445,24,tree_lgbm,width,19.00909115559637
2026-07-27 08:22:27+00:00,tree,1445,24,vol_21d,width,20.66089017785267
2026-07-27 08:22:27+00:00,tree,1445,24,tree_lgbm,med_MAPE,5.746847398753047
2026-07-27 08:22:27+00:00,tree,1445,24,vol_21d,med_MAPE,5.805569702692228
2026-07-27 08:22:27+00:00,tree,1445,24,tree_lgbm,pinball_%,1.4129764968398537
2026-07-27 08:22:27+00:00,tree,1445,24,vol_21d,pinball_%,1.4136298354939139
2026-07-27 08:25:10+00:00,linear,1393,5,garch,pinball,177.48637649911325
2026-07-27 08:25:10+00:00,linear,1393,5,har_rv,pinball,179.7723795961741
2026-07-27 08:25:10+00:00,linear,1393,5,ridge,pinball,185.82330504949087
2026-07-27 08:25:10+00:00,linear,1393,5,vol_21d,pinball,187.09705126084847
2026-07-27 08:25:10+00:00,linear,1393,5,garch,coverage,79.01753666290638
2026-07-27 08:25:10+00:00,linear,1393,5,har_rv,coverage,78.75089734386216
2026-07-27 08:25:10+00:00,linear,1393,5,ridge,coverage,79.47902779202133
2026-07-27 08:25:10+00:00,linear,1393,5,vol_21d,coverage,78.1560865552251
2026-07-27 08:25:10+00:00,linear,1393,5,garch,width,17.994076141290314
2026-07-27 08:25:10+00:00,linear,1393,5,har_rv,width,18.488581496453406
2026-07-27 08:25:10+00:00,linear,1393,5,ridge,width,1808.5187924884845
2026-07-27 08:25:10+00:00,linear,1393,5,vol_21d,width,21.791190362007182
2026-07-27 08:25:10+00:00,linear,1393,5,garch,med_MAPE,5.5446940608202935
2026-07-27 08:25:10+00:00,linear,1393,5,har_rv,med_MAPE,5.579803112138148
2026-07-27 08:25:10+00:00,linear,1393,5,ridge,med_MAPE,5.961849605048266
2026-07-27 08:25:10+00:00,linear,1393,5,vol_21d,med_MAPE,5.6560147565854795
2026-07-27 08:25:10+00:00,linear,1393,5,garch,pinball_%,1.4401144610889538
2026-07-27 08:25:10+00:00,linear,1393,5,har_rv,pinball_%,1.4586629614477287
2026-07-27 08:25:10+00:00,linear,1393,5,ridge,pinball_%,1.5077598297267216
2026-07-27 08:25:10+00:00,linear,1393,5,vol_21d,pinball_%,1.5180949347354293
2026-07-27 08:46:42+00:00,tree,1445,24,tree_lgbm,pinball,167.91553611528096
2026-07-27 08:46:42+00:00,tree,1445,24,vol_21d,pinball,167.99317768299755
2026-07-27 08:46:42+00:00,tree,1445,24,tree_lgbm,coverage,78.68512110726643
2026-07-27 08:46:42+00:00,tree,1445,24,vol_21d,coverage,79.3178447849728
2026-07-27 08:46:42+00:00,tree,1445,24,tree_lgbm,width,19.00909115559637
2026-07-27 08:46:42+00:00,tree,1445,24,vol_21d,width,20.66089017785267
2026-07-27 08:46:42+00:00,tree,1445,24,tree_lgbm,med_MAPE,5.746847398753047
2026-07-27 08:46:42+00:00,tree,1445,24,vol_21d,med_MAPE,5.805569702692228
2026-07-27 08:46:42+00:00,tree,1445,24,tree_lgbm,pinball_%,1.4129764968398537
2026-07-27 08:46:42+00:00,tree,1445,24,vol_21d,pinball_%,1.4136298354939139
2026-07-27 10:03:56+00:00,tree,1445,24,xgb,pinball,166.9816561522213
2026-07-27 10:03:56+00:00,tree,1445,24,lgbm,pinball,167.91553611528096
2026-07-27 10:03:56+00:00,tree,1445,24,vol_21d,pinball,167.99317768299755
2026-07-27 10:03:56+00:00,tree,1445,24,xgb,coverage,78.99159663865547
2026-07-27 10:03:56+00:00,tree,1445,24,lgbm,coverage,78.68512110726643
2026-07-27 10:03:56+00:00,tree,1445,24,vol_21d,coverage,79.3178447849728
2026-07-27 10:03:56+00:00,tree,1445,24,xgb,width,18.87208624413142
2026-07-27 10:03:56+00:00,tree,1445,24,lgbm,width,19.00909115559637
2026-07-27 10:03:56+00:00,tree,1445,24,vol_21d,width,20.66089017785267
2026-07-27 10:03:56+00:00,tree,1445,24,xgb,med_MAPE,5.749111879011601
2026-07-27 10:03:56+00:00,tree,1445,24,lgbm,med_MAPE,5.746847398753047
2026-07-27 10:03:56+00:00,tree,1445,24,vol_21d,med_MAPE,5.805569702692228
2026-07-27 10:03:56+00:00,tree,1445,24,xgb,pinball_%,1.4051180790352793
2026-07-27 10:03:56+00:00,tree,1445,24,lgbm,pinball_%,1.4129764968398537
2026-07-27 10:03:56+00:00,tree,1445,24,vol_21d,pinball_%,1.4136298354939139
2026-07-27 10:08:16+00:00,tree,1445,24,xgb,pinball,166.9816561522213
2026-07-27 10:08:16+00:00,tree,1445,24,lgbm,pinball,167.91553611528096
2026-07-27 10:08:16+00:00,tree,1445,24,vol_21d,pinball,167.99317768299755
2026-07-27 10:08:16+00:00,tree,1445,24,xgb,coverage,78.99159663865547
2026-07-27 10:08:16+00:00,tree,1445,24,lgbm,coverage,78.68512110726643
2026-07-27 10:08:16+00:00,tree,1445,24,vol_21d,coverage,79.3178447849728
2026-07-27 10:08:16+00:00,tree,1445,24,xgb,width,18.87208624413142
2026-07-27 10:08:16+00:00,tree,1445,24,lgbm,width,19.00909115559637
2026-07-27 10:08:16+00:00,tree,1445,24,vol_21d,width,20.66089017785267
2026-07-27 10:08:16+00:00,tree,1445,24,xgb,med_MAPE,5.749111879011601
2026-07-27 10:08:16+00:00,tree,1445,24,lgbm,med_MAPE,5.746847398753047
2026-07-27 10:08:16+00:00,tree,1445,24,vol_21d,med_MAPE,5.805569702692228
2026-07-27 10:08:16+00:00,tree,1445,24,xgb,pinball_%,1.4051180790352793
2026-07-27 10:08:16+00:00,tree,1445,24,lgbm,pinball_%,1.4129764968398537
2026-07-27 10:08:16+00:00,tree,1445,24,vol_21d,pinball_%,1.4136298354939139
2026-07-27 11:24:04+00:00,classical_price,2080,5,flat,MAE,390.23228957486265
2026-07-27 11:24:04+00:00,classical_price,2080,5,drift,MAE,420.27531146066224
2026-07-27 11:24:04+00:00,classical_price,2080,5,arima,MAE,389.35321561485455
2026-07-27 11:24:04+00:00,classical_price,2080,5,sarima,MAE,392.57396689146816
2026-07-27 11:24:04+00:00,classical_price,2080,5,seasonal,MAE,512.8937778516483
2026-07-27 11:24:04+00:00,classical_price,2080,5,linreg,MAE,583.8095890766685
2026-07-27 11:24:04+00:00,classical_price,2080,5,flat,MAPE,6.073906664716917
2026-07-27 11:24:04+00:00,classical_price,2080,5,drift,MAPE,6.701962523630876
2026-07-27 11:24:04+00:00,classical_price,2080,5,arima,MAPE,6.219803223480125
2026-07-27 11:24:04+00:00,classical_price,2080,5,sarima,MAPE,6.255936224870398
2026-07-27 11:24:04+00:00,classical_price,2080,5,seasonal,MAPE,8.463467509516299
2026-07-27 11:24:04+00:00,classical_price,2080,5,linreg,MAPE,9.784254453302763
2026-07-27 11:24:04+00:00,classical_price,2080,5,flat,MASE,3.3636817170843076
2026-07-27 11:24:04+00:00,classical_price,2080,5,drift,MASE,3.6306915705815856
2026-07-27 11:24:04+00:00,classical_price,2080,5,arima,MASE,3.653420702672503
2026-07-27 11:24:04+00:00,classical_price,2080,5,sarima,MASE,3.6809221788510005
2026-07-27 11:24:04+00:00,classical_price,2080,5,seasonal,MASE,4.689613210929884
2026-07-27 11:24:04+00:00,classical_price,2080,5,linreg,MASE,5.24774071089625
2026-07-27 11:24:04+00:00,classical_price,2080,5,flat,DirAcc,0.0
2026-07-27 11:24:04+00:00,classical_price,2080,5,drift,DirAcc,51.49038461538461
2026-07-27 11:24:04+00:00,classical_price,2080,5,arima,DirAcc,49.32692307692308
2026-07-27 11:24:04+00:00,classical_price,2080,5,sarima,DirAcc,49.75961538461539
2026-07-27 11:24:04+00:00,classical_price,2080,5,seasonal,DirAcc,0.0
2026-07-27 11:24:04+00:00,classical_price,2080,5,linreg,DirAcc,50.57692307692307
2026-07-28 08:50:46+00:00,dlinear,1445,dlinear,pinball,163.2909671020162
2026-07-28 08:50:46+00:00,dlinear,1445,dlinear,coverage,79.70341077607513
2026-07-28 08:50:46+00:00,dlinear,1445,dlinear,width,18.66066484696835
2026-07-28 08:50:46+00:00,dlinear,1445,dlinear,med_MAPE,5.721580988621814
2026-07-28 08:50:46+00:00,dlinear,1445,dlinear,pinball_%,1.374061650275145
2026-07-28 08:55:45+00:00,neural,1445,lstm,pinball,162.96574703989214
2026-07-28 08:55:45+00:00,neural,1445,dlinear,pinball,163.22401139233136
2026-07-28 08:55:45+00:00,neural,1445,lstm,coverage,80.01977261492831
2026-07-28 08:55:45+00:00,neural,1445,dlinear,coverage,79.70341077607513
2026-07-28 08:55:45+00:00,neural,1445,lstm,width,18.412282246694307
2026-07-28 08:55:45+00:00,neural,1445,dlinear,width,18.613384933781656
2026-07-28 08:55:45+00:00,neural,1445,lstm,med_MAPE,5.714988157055467
2026-07-28 08:55:45+00:00,neural,1445,dlinear,med_MAPE,5.721174194139976
2026-07-28 08:55:45+00:00,neural,1445,lstm,pinball_%,1.3713249868626147
2026-07-28 08:55:45+00:00,neural,1445,dlinear,pinball_%,1.3734982310329318
2026-07-28 09:06:06+00:00,dlinear,1445,dlinear,pinball,163.28521810262822
2026-07-28 09:06:06+00:00,dlinear,1445,dlinear,coverage,79.6836381611468
2026-07-28 09:06:06+00:00,dlinear,1445,dlinear,width,18.620505610475412
2026-07-28 09:06:06+00:00,dlinear,1445,dlinear,med_MAPE,5.721821772894608
2026-07-28 09:06:06+00:00,dlinear,1445,dlinear,pinball_%,1.3740132735662145
2026-07-28 09:09:19+00:00,lstm,1445,lstm,pinball,162.91425543095383
2026-07-28 09:09:19+00:00,lstm,1445,lstm,coverage,79.97034107760751
2026-07-28 09:09:19+00:00,lstm,1445,lstm,width,18.393298475174554
2026-07-28 09:09:19+00:00,lstm,1445,lstm,med_MAPE,5.715298862772706
2026-07-28 09:09:19+00:00,lstm,1445,lstm,pinball_%,1.3708916950130485
2026-07-28 09:10:39+00:00,dlinear,1445,dlinear,pinball,163.25099344582358
2026-07-28 09:10:39+00:00,dlinear,1445,dlinear,coverage,79.6836381611468
2026-07-28 09:10:39+00:00,dlinear,1445,dlinear,width,18.61984674525101
2026-07-28 09:10:39+00:00,dlinear,1445,dlinear,med_MAPE,5.7216559992889895
2026-07-28 09:10:39+00:00,dlinear,1445,dlinear,pinball_%,1.3737252797522046
